task,encoder,head,level,seed,metric,value,n_units,n_subjects
XSB_fix_PH,geommlp,softmax,scan,0,accuracy,0.6775510204081633,1960,1959
XSB_fix_PH,geommlp,softmax,scan,0,macro_f1,0.5757808219178082,1960,1959
XSB_fix_PH,geommlp,softmax,scan,0,macro_auc,0.6253904623073719,1960,1959
XSB_fix_PH,geommlp,softmax,scan,0,f1_class::Unaffected,0.7835616438356164,1960,1959
XSB_fix_PH,geommlp,softmax,scan,0,f1_class::Affected,0.368,1960,1959
XSB_fix_PH,pointnet,softmax,scan,0,accuracy,0.6637755102040817,1960,1959
XSB_fix_PH,pointnet,softmax,scan,0,macro_f1,0.5930703116557675,1960,1959
XSB_fix_PH,pointnet,softmax,scan,0,macro_auc,0.6992984693877551,1960,1959
XSB_fix_PH,pointnet,softmax,scan,0,f1_class::Unaffected,0.7626935541951746,1960,1959
XSB_fix_PH,pointnet,softmax,scan,0,f1_class::Affected,0.42344706911636043,1960,1959
XSB_fix_PH,dgcnn,softmax,scan,0,accuracy,0.8229591836734694,1960,1959
XSB_fix_PH,dgcnn,softmax,scan,0,macro_f1,0.7012561281103962,1960,1959
XSB_fix_PH,dgcnn,softmax,scan,0,macro_auc,0.810939777696793,1960,1959
XSB_fix_PH,dgcnn,softmax,scan,0,f1_class::Unaffected,0.8919339769542198,1960,1959
XSB_fix_PH,dgcnn,softmax,scan,0,f1_class::Affected,0.5105782792665726,1960,1959
XSB_fix_PH,pointnet2,softmax,scan,0,accuracy,0.7403061224489796,1960,1959
XSB_fix_PH,pointnet2,softmax,scan,0,macro_f1,0.6491629093975627,1960,1959
XSB_fix_PH,pointnet2,softmax,scan,0,macro_auc,0.7563653490733029,1960,1959
XSB_fix_PH,pointnet2,softmax,scan,0,f1_class::Unaffected,0.8279824264954376,1960,1959
XSB_fix_PH,pointnet2,softmax,scan,0,f1_class::Affected,0.4703433922996878,1960,1959
XSB_fix_PH,pointnet2,softmax,scan,1,accuracy,0.7423469387755102,1960,1959
XSB_fix_PH,pointnet2,softmax,scan,1,macro_f1,0.6489422336538062,1960,1959
XSB_fix_PH,pointnet2,softmax,scan,1,macro_auc,0.7545236685235319,1960,1959
XSB_fix_PH,pointnet2,softmax,scan,1,f1_class::Unaffected,0.8300235610905419,1960,1959
XSB_fix_PH,pointnet2,softmax,scan,1,f1_class::Affected,0.4678609062170706,1960,1959
XSB_fix_PH,pointnet2,softmax,scan,2,accuracy,0.7387755102040816,1960,1959
XSB_fix_PH,pointnet2,softmax,scan,2,macro_f1,0.6483274950202624,1960,1959
XSB_fix_PH,pointnet2,softmax,scan,2,macro_auc,0.7459432593190338,1960,1959
XSB_fix_PH,pointnet2,softmax,scan,2,f1_class::Unaffected,0.8266756939742722,1960,1959
XSB_fix_PH,pointnet2,softmax,scan,2,f1_class::Affected,0.4699792960662526,1960,1959
XSB_fix_PH,pointnet2,softmax,scan,3,accuracy,0.75,1960,1959
XSB_fix_PH,pointnet2,softmax,scan,3,macro_f1,0.6662120700273453,1960,1959
XSB_fix_PH,pointnet2,softmax,scan,3,macro_auc,0.7539859693877551,1960,1959
XSB_fix_PH,pointnet2,softmax,scan,3,f1_class::Unaffected,0.8334466349422162,1960,1959
XSB_fix_PH,pointnet2,softmax,scan,3,f1_class::Affected,0.49897750511247446,1960,1959
XSB_fix_PH,pointnet2,softmax,scan,4,accuracy,0.7454081632653061,1960,1959
XSB_fix_PH,pointnet2,softmax,scan,4,macro_f1,0.6584434528767279,1960,1959
XSB_fix_PH,pointnet2,softmax,scan,4,macro_auc,0.7558105672115785,1960,1959
XSB_fix_PH,pointnet2,softmax,scan,4,f1_class::Unaffected,0.8307900983384198,1960,1959
XSB_fix_PH,pointnet2,softmax,scan,4,f1_class::Affected,0.486096807415036,1960,1959
XSB_fix_FC,geommlp,softmax,scan,0,accuracy,0.675933280381255,1259,1259
XSB_fix_FC,geommlp,softmax,scan,0,macro_f1,0.498406374501992,1259,1259
XSB_fix_FC,geommlp,softmax,scan,0,macro_auc,0.6425339366515838,1259,1259
XSB_fix_FC,geommlp,softmax,scan,0,f1_class::Unaffected,0.796812749003984,1259,1259
XSB_fix_FC,geommlp,softmax,scan,0,f1_class::Affected,0.2,1259,1259
XSB_fix_FC,pointnet,softmax,scan,0,accuracy,0.7434471803018269,1259,1259
XSB_fix_FC,pointnet,softmax,scan,0,macro_f1,0.5479062186977833,1259,1259
XSB_fix_FC,pointnet,softmax,scan,0,macro_auc,0.6743521955022286,1259,1259
XSB_fix_FC,pointnet,softmax,scan,0,f1_class::Unaffected,0.8452323909918543,1259,1259
XSB_fix_FC,pointnet,softmax,scan,0,f1_class::Affected,0.2505800464037123,1259,1259
XSB_fix_FC,dgcnn,softmax,scan,0,accuracy,0.8395552025416998,1259,1259
XSB_fix_FC,dgcnn,softmax,scan,0,macro_f1,0.6345123535566056,1259,1259
XSB_fix_FC,dgcnn,softmax,scan,0,macro_auc,0.8216991204433373,1259,1259
XSB_fix_FC,dgcnn,softmax,scan,0,f1_class::Unaffected,0.9082652134423251,1259,1259
XSB_fix_FC,dgcnn,softmax,scan,0,f1_class::Affected,0.36075949367088606,1259,1259
XSB_fix_FC,pointnet2,softmax,scan,0,accuracy,0.7212073073868149,1259,1259
XSB_fix_FC,pointnet2,softmax,scan,0,macro_f1,0.5386289865391823,1259,1259
XSB_fix_FC,pointnet2,softmax,scan,0,macro_auc,0.7036199095022625,1259,1259
XSB_fix_FC,pointnet2,softmax,scan,0,f1_class::Unaffected,0.8288639687957094,1259,1259
XSB_fix_FC,pointnet2,softmax,scan,0,f1_class::Affected,0.24839400428265523,1259,1259
XSB_fix_FC,pointnet2,softmax,scan,1,accuracy,0.7188244638602065,1259,1259
XSB_fix_FC,pointnet2,softmax,scan,1,macro_f1,0.5369784740691489,1259,1259
XSB_fix_FC,pointnet2,softmax,scan,1,macro_auc,0.6848678970291661,1259,1259
XSB_fix_FC,pointnet2,softmax,scan,1,f1_class::Unaffected,0.8271484375,1259,1259
XSB_fix_FC,pointnet2,softmax,scan,1,f1_class::Affected,0.24680851063829787,1259,1259
XSB_fix_FC,pointnet2,softmax,scan,2,accuracy,0.7204130262112788,1259,1259
XSB_fix_FC,pointnet2,softmax,scan,2,macro_f1,0.5410971386914525,1259,1259
XSB_fix_FC,pointnet2,softmax,scan,2,macro_auc,0.6917908044808243,1259,1259
XSB_fix_FC,pointnet2,softmax,scan,2,f1_class::Unaffected,0.8279569892473119,1259,1259
XSB_fix_FC,pointnet2,softmax,scan,2,f1_class::Affected,0.2542372881355932,1259,1259
XSB_fix_FC,pointnet2,softmax,scan,3,accuracy,0.7220015885623511,1259,1259
XSB_fix_FC,pointnet2,softmax,scan,3,macro_f1,0.5329524738203247,1259,1259
XSB_fix_FC,pointnet2,softmax,scan,3,macro_auc,0.6830121849950006,1259,1259
XSB_fix_FC,pointnet2,softmax,scan,3,f1_class::Unaffected,0.8300970873786407,1259,1259
XSB_fix_FC,pointnet2,softmax,scan,3,f1_class::Affected,0.23580786026200873,1259,1259
XSB_fix_FC,pointnet2,softmax,scan,4,accuracy,0.7172359015091342,1259,1259
XSB_fix_FC,pointnet2,softmax,scan,4,macro_f1,0.5265517387079055,1259,1259
XSB_fix_FC,pointnet2,softmax,scan,4,macro_auc,0.6943413493314352,1259,1259
XSB_fix_FC,pointnet2,softmax,scan,4,f1_class::Unaffected,0.827016520894072,1259,1259
XSB_fix_FC,pointnet2,softmax,scan,4,f1_class::Affected,0.22608695652173913,1259,1259
XSB_fix_PR,geommlp,softmax,scan,0,accuracy,0.6774193548387096,589,589
XSB_fix_PR,geommlp,softmax,scan,0,macro_f1,0.5907927453561503,589,589
XSB_fix_PR,geommlp,softmax,scan,0,macro_auc,0.6475382512750425,589,589
XSB_fix_PR,geommlp,softmax,scan,0,f1_class::Unaffected,0.7790697674418605,589,589
XSB_fix_PR,geommlp,softmax,scan,0,f1_class::Affected,0.4025157232704403,589,589
XSB_fix_PR,pointnet,softmax,scan,0,accuracy,0.634974533106961,589,589
XSB_fix_PR,pointnet,softmax,scan,0,macro_f1,0.5264157787858503,589,589
XSB_fix_PR,pointnet,softmax,scan,0,macro_auc,0.558968632287743,589,589
XSB_fix_PR,pointnet,softmax,scan,0,f1_class::Unaffected,0.7531572904707233,589,589
XSB_fix_PR,pointnet,softmax,scan,0,f1_class::Affected,0.2996742671009772,589,589
XSB_fix_PR,dgcnn,softmax,scan,0,accuracy,0.8505942275042445,589,589
XSB_fix_PR,dgcnn,softmax,scan,0,macro_f1,0.7874692471707397,589,589
XSB_fix_PR,dgcnn,softmax,scan,0,macro_auc,0.8786626220874029,589,589
XSB_fix_PR,dgcnn,softmax,scan,0,f1_class::Unaffected,0.9032967032967033,589,589
XSB_fix_PR,dgcnn,softmax,scan,0,f1_class::Affected,0.6716417910447762,589,589
XSB_fix_PR,pointnet2,softmax,scan,0,accuracy,0.830220713073005,589,589
XSB_fix_PR,pointnet2,softmax,scan,0,macro_f1,0.765749284123449,589,589
XSB_fix_PR,pointnet2,softmax,scan,0,macro_auc,0.8644121470715691,589,589
XSB_fix_PR,pointnet2,softmax,scan,0,f1_class::Unaffected,0.888641425389755,589,589
XSB_fix_PR,pointnet2,softmax,scan,0,f1_class::Affected,0.6428571428571429,589,589
XSB_fix_PR,pointnet2,softmax,scan,1,accuracy,0.8098471986417657,589,589
XSB_fix_PR,pointnet2,softmax,scan,1,macro_f1,0.749552012148823,589,589
XSB_fix_PR,pointnet2,softmax,scan,1,macro_auc,0.8711957065235508,589,589
XSB_fix_PR,pointnet2,softmax,scan,1,f1_class::Unaffected,0.8724373576309795,589,589
XSB_fix_PR,pointnet2,softmax,scan,1,f1_class::Affected,0.6266666666666667,589,589
XSB_fix_PR,pointnet2,softmax,scan,2,accuracy,0.8115449915110357,589,589
XSB_fix_PR,pointnet2,softmax,scan,2,macro_f1,0.7512413391623958,589,589
XSB_fix_PR,pointnet2,softmax,scan,2,macro_auc,0.8630454348478283,589,589
XSB_fix_PR,pointnet2,softmax,scan,2,f1_class::Unaffected,0.8737201365187713,589,589
XSB_fix_PR,pointnet2,softmax,scan,2,f1_class::Affected,0.6287625418060201,589,589
XSB_fix_PR,pointnet2,softmax,scan,3,accuracy,0.8217317487266553,589,589
XSB_fix_PR,pointnet2,softmax,scan,3,macro_f1,0.7636409497930496,589,589
XSB_fix_PR,pointnet2,softmax,scan,3,macro_auc,0.8747624920830694,589,589
XSB_fix_PR,pointnet2,softmax,scan,3,f1_class::Unaffected,0.8808172531214529,589,589
XSB_fix_PR,pointnet2,softmax,scan,3,f1_class::Affected,0.6464646464646465,589,589
XSB_fix_PR,pointnet2,softmax,scan,4,accuracy,0.8217317487266553,589,589
XSB_fix_PR,pointnet2,softmax,scan,4,macro_f1,0.7546388316928314,589,589
XSB_fix_PR,pointnet2,softmax,scan,4,macro_auc,0.8747458248608287,589,589
XSB_fix_PR,pointnet2,softmax,scan,4,f1_class::Unaffected,0.882943143812709,589,589
XSB_fix_PR,pointnet2,softmax,scan,4,f1_class::Affected,0.6263345195729537,589,589
XSB_fix_GW,geommlp,softmax,scan,0,accuracy,0.5725806451612904,744,744
XSB_fix_GW,geommlp,softmax,scan,0,macro_f1,0.4882638450291133,744,744
XSB_fix_GW,geommlp,softmax,scan,0,macro_auc,0.5635761589403974,744,744
XSB_fix_GW,geommlp,softmax,scan,0,f1_class::Unaffected,0.6959847036328872,744,744
XSB_fix_GW,geommlp,softmax,scan,0,f1_class::Affected,0.28054298642533937,744,744
XSB_fix_GW,pointnet,softmax,scan,0,accuracy,0.6545698924731183,744,744
XSB_fix_GW,pointnet,softmax,scan,0,macro_f1,0.5814323084837407,744,744
XSB_fix_GW,pointnet,softmax,scan,0,macro_auc,0.6788789025543992,744,744
XSB_fix_GW,pointnet,softmax,scan,0,f1_class::Unaffected,0.7563981042654029,744,744
XSB_fix_GW,pointnet,softmax,scan,0,f1_class::Affected,0.4064665127020785,744,744
XSB_fix_GW,dgcnn,softmax,scan,0,accuracy,0.7432795698924731,744,744
XSB_fix_GW,dgcnn,softmax,scan,0,macro_f1,0.6289393080865975,744,744
XSB_fix_GW,dgcnn,softmax,scan,0,macro_auc,0.744228949858089,744,744
XSB_fix_GW,dgcnn,softmax,scan,0,f1_class::Unaffected,0.8349178910976663,744,744
XSB_fix_GW,dgcnn,softmax,scan,0,f1_class::Affected,0.4229607250755287,744,744
XSB_fix_GW,pointnet2,softmax,scan,0,accuracy,0.6989247311827957,744,744
XSB_fix_GW,pointnet2,softmax,scan,0,macro_f1,0.6273845190716809,744,744
XSB_fix_GW,pointnet2,softmax,scan,0,macro_auc,0.7523060548722801,744,744
XSB_fix_GW,pointnet2,softmax,scan,0,f1_class::Unaffected,0.7906542056074767,744,744
XSB_fix_GW,pointnet2,softmax,scan,0,f1_class::Affected,0.46411483253588515,744,744
XSB_fix_GW,pointnet2,softmax,scan,1,accuracy,0.6801075268817204,744,744
XSB_fix_GW,pointnet2,softmax,scan,1,macro_f1,0.5969150360124929,744,744
XSB_fix_GW,pointnet2,softmax,scan,1,macro_auc,0.7278027436140019,744,744
XSB_fix_GW,pointnet2,softmax,scan,1,f1_class::Unaffected,0.7800369685767098,744,744
XSB_fix_GW,pointnet2,softmax,scan,1,f1_class::Affected,0.41379310344827586,744,744
XSB_fix_GW,pointnet2,softmax,scan,2,accuracy,0.7029569892473119,744,744
XSB_fix_GW,pointnet2,softmax,scan,2,macro_f1,0.6179162745303077,744,744
XSB_fix_GW,pointnet2,softmax,scan,2,macro_auc,0.7471381267738884,744,744
XSB_fix_GW,pointnet2,softmax,scan,2,f1_class::Unaffected,0.7981735159817351,744,744
XSB_fix_GW,pointnet2,softmax,scan,2,f1_class::Affected,0.43765903307888043,744,744
XSB_fix_GW,pointnet2,softmax,scan,3,accuracy,0.7029569892473119,744,744
XSB_fix_GW,pointnet2,softmax,scan,3,macro_f1,0.6318373872330707,744,744
XSB_fix_GW,pointnet2,softmax,scan,3,macro_auc,0.7536187322611164,744,744
XSB_fix_GW,pointnet2,softmax,scan,3,f1_class::Unaffected,0.7936507936507936,744,744
XSB_fix_GW,pointnet2,softmax,scan,3,f1_class::Affected,0.47002398081534774,744,744
XSB_fix_GW,pointnet2,softmax,scan,4,accuracy,0.6922043010752689,744,744
XSB_fix_GW,pointnet2,softmax,scan,4,macro_f1,0.6185102338297429,744,744
XSB_fix_GW,pointnet2,softmax,scan,4,macro_auc,0.7408467360454115,744,744
XSB_fix_GW,pointnet2,softmax,scan,4,f1_class::Unaffected,0.7861811391223156,744,744
XSB_fix_GW,pointnet2,softmax,scan,4,f1_class::Affected,0.45083932853717024,744,744
XSB_fix_PT,geommlp,softmax,scan,0,accuracy,0.6997885835095138,473,473
XSB_fix_PT,geommlp,softmax,scan,0,macro_f1,0.6099535423925668,473,473
XSB_fix_PT,geommlp,softmax,scan,0,macro_auc,0.6403440899367348,473,473
XSB_fix_PT,geommlp,softmax,scan,0,f1_class::Unaffected,0.7971428571428572,473,473
XSB_fix_PT,geommlp,softmax,scan,0,f1_class::Affected,0.42276422764227645,473,473
XSB_fix_PT,pointnet,softmax,scan,0,accuracy,0.7019027484143763,473,473
XSB_fix_PT,pointnet,softmax,scan,0,macro_f1,0.64874942724874,473,473
XSB_fix_PT,pointnet,softmax,scan,0,macro_auc,0.7501706795321105,473,473
XSB_fix_PT,pointnet,softmax,scan,0,f1_class::Unaffected,0.7853881278538812,473,473
XSB_fix_PT,pointnet,softmax,scan,0,f1_class::Affected,0.5121107266435986,473,473
XSB_fix_PT,dgcnn,softmax,scan,0,accuracy,0.7716701902748414,473,473
XSB_fix_PT,dgcnn,softmax,scan,0,macro_f1,0.7304331306990881,473,473
XSB_fix_PT,dgcnn,softmax,scan,0,macro_auc,0.8234946065267853,473,473
XSB_fix_PT,dgcnn,softmax,scan,0,f1_class::Unaffected,0.8358662613981763,473,473
XSB_fix_PT,dgcnn,softmax,scan,0,f1_class::Affected,0.625,473,473
XSB_fix_PT,pointnet2,softmax,scan,0,accuracy,0.7632135306553911,473,473
XSB_fix_PT,pointnet2,softmax,scan,0,macro_f1,0.7246569646569647,473,473
XSB_fix_PT,pointnet2,softmax,scan,0,macro_auc,0.8190569386919121,473,473
XSB_fix_PT,pointnet2,softmax,scan,0,f1_class::Unaffected,0.8276923076923077,473,473
XSB_fix_PT,pointnet2,softmax,scan,0,f1_class::Affected,0.6216216216216216,473,473
XSB_fix_PT,pointnet2,softmax,scan,1,accuracy,0.7420718816067653,473,473
XSB_fix_PT,pointnet2,softmax,scan,1,macro_f1,0.7063367666815943,473,473
XSB_fix_PT,pointnet2,softmax,scan,1,macro_auc,0.8008511219334578,473,473
XSB_fix_PT,pointnet2,softmax,scan,1,f1_class::Unaffected,0.8087774294670846,473,473
XSB_fix_PT,pointnet2,softmax,scan,1,f1_class::Affected,0.6038961038961039,473,473
XSB_fix_PT,pointnet2,softmax,scan,2,accuracy,0.7632135306553911,473,473
XSB_fix_PT,pointnet2,softmax,scan,2,macro_f1,0.7313045242442686,473,473
XSB_fix_PT,pointnet2,softmax,scan,2,macro_auc,0.8268626826270994,473,473
XSB_fix_PT,pointnet2,softmax,scan,2,f1_class::Unaffected,0.8238993710691824,473,473
XSB_fix_PT,pointnet2,softmax,scan,2,f1_class::Affected,0.6387096774193548,473,473
XSB_fix_PT,pointnet2,softmax,scan,3,accuracy,0.7653276955602537,473,473
XSB_fix_PT,pointnet2,softmax,scan,3,macro_f1,0.7266109505584628,473,473
XSB_fix_PT,pointnet2,softmax,scan,3,macro_auc,0.8068135269218515,473,473
XSB_fix_PT,pointnet2,softmax,scan,3,f1_class::Unaffected,0.8294930875576036,473,473
XSB_fix_PT,pointnet2,softmax,scan,3,f1_class::Affected,0.6237288135593221,473,473
XSB_fix_PT,pointnet2,softmax,scan,4,accuracy,0.7568710359408034,473,473
XSB_fix_PT,pointnet2,softmax,scan,4,macro_f1,0.7208064507850473,473,473
XSB_fix_PT,pointnet2,softmax,scan,4,macro_auc,0.823744936507214,473,473
XSB_fix_PT,pointnet2,softmax,scan,4,f1_class::Unaffected,0.8211508553654744,473,473
XSB_fix_PT,pointnet2,softmax,scan,4,f1_class::Affected,0.6204620462046204,473,473
XSB_fix_LC,geommlp,softmax,scan,0,accuracy,0.7,120,120
XSB_fix_LC,geommlp,softmax,scan,0,macro_f1,0.48051948051948057,120,120
XSB_fix_LC,geommlp,softmax,scan,0,macro_auc,0.4366386554621849,120,120
XSB_fix_LC,geommlp,softmax,scan,0,f1_class::Unaffected,0.8181818181818182,120,120
XSB_fix_LC,geommlp,softmax,scan,0,f1_class::Affected,0.14285714285714285,120,120
XSB_fix_LC,pointnet,softmax,scan,0,accuracy,0.6416666666666667,120,120
XSB_fix_LC,pointnet,softmax,scan,0,macro_f1,0.46467475879240583,120,120
XSB_fix_LC,pointnet,softmax,scan,0,macro_auc,0.4830252100840336,120,120
XSB_fix_LC,pointnet,softmax,scan,0,f1_class::Unaffected,0.7724867724867724,120,120
XSB_fix_LC,pointnet,softmax,scan,0,f1_class::Affected,0.1568627450980392,120,120
XSB_fix_LC,dgcnn,softmax,scan,0,accuracy,0.6916666666666667,120,120
XSB_fix_LC,dgcnn,softmax,scan,0,macro_f1,0.601829432337907,120,120
XSB_fix_LC,dgcnn,softmax,scan,0,macro_auc,0.6618487394957984,120,120
XSB_fix_LC,dgcnn,softmax,scan,0,f1_class::Unaffected,0.7909604519774012,120,120
XSB_fix_LC,dgcnn,softmax,scan,0,f1_class::Affected,0.4126984126984127,120,120
XSB_fix_LC,pointnet2,softmax,scan,0,accuracy,0.725,120,120
XSB_fix_LC,pointnet2,softmax,scan,0,macro_f1,0.5487179487179488,120,120
XSB_fix_LC,pointnet2,softmax,scan,0,macro_auc,0.6134453781512605,120,120
XSB_fix_LC,pointnet2,softmax,scan,0,f1_class::Unaffected,0.8307692307692308,120,120
XSB_fix_LC,pointnet2,softmax,scan,0,f1_class::Affected,0.26666666666666666,120,120
XSB_fix_LC,pointnet2,softmax,scan,1,accuracy,0.7166666666666667,120,120
XSB_fix_LC,pointnet2,softmax,scan,1,macro_f1,0.5572916666666666,120,120
XSB_fix_LC,pointnet2,softmax,scan,1,macro_auc,0.6447058823529411,120,120
XSB_fix_LC,pointnet2,softmax,scan,1,f1_class::Unaffected,0.8229166666666666,120,120
XSB_fix_LC,pointnet2,softmax,scan,1,f1_class::Affected,0.2916666666666667,120,120
XSB_fix_LC,pointnet2,softmax,scan,2,accuracy,0.7166666666666667,120,120
XSB_fix_LC,pointnet2,softmax,scan,2,macro_f1,0.5572916666666666,120,120
XSB_fix_LC,pointnet2,softmax,scan,2,macro_auc,0.6278991596638656,120,120
XSB_fix_LC,pointnet2,softmax,scan,2,f1_class::Unaffected,0.8229166666666666,120,120
XSB_fix_LC,pointnet2,softmax,scan,2,f1_class::Affected,0.2916666666666667,120,120
XSB_fix_LC,pointnet2,softmax,scan,3,accuracy,0.6833333333333333,120,120
XSB_fix_LC,pointnet2,softmax,scan,3,macro_f1,0.5052083333333334,120,120
XSB_fix_LC,pointnet2,softmax,scan,3,macro_auc,0.5831932773109244,120,120
XSB_fix_LC,pointnet2,softmax,scan,3,f1_class::Unaffected,0.8020833333333334,120,120
XSB_fix_LC,pointnet2,softmax,scan,3,f1_class::Affected,0.20833333333333334,120,120
XSB_fix_LC,pointnet2,softmax,scan,4,accuracy,0.7,120,120
XSB_fix_LC,pointnet2,softmax,scan,4,macro_f1,0.5452631578947369,120,120
XSB_fix_LC,pointnet2,softmax,scan,4,macro_auc,0.6383193277310925,120,120
XSB_fix_LC,pointnet2,softmax,scan,4,f1_class::Unaffected,0.8105263157894737,120,120
XSB_fix_LC,pointnet2,softmax,scan,4,f1_class::Affected,0.28,120,120
