task,encoder,head,level,metric,n_seeds,mean,seed_sd,seed_min,seed_max,seed_deterministic,boot_mean,boot_ci_lo,boot_ci_hi,n_boot,n_subjects,n_units
XSB_fix_PH,geommlp,softmax,scan,accuracy,1,0.6775510204081633,0.0,0.6775510204081633,0.6775510204081633,True,0.6772398326199247,0.6550976393620235,0.6978088570803512,2000,1959,1960
XSB_fix_PH,geommlp,softmax,scan,macro_f1,1,0.5757808219178082,0.0,0.5757808219178082,0.5757808219178082,True,0.5754752281780829,0.552448375088893,0.5995781769624124,2000,1959,1960
XSB_fix_PH,geommlp,softmax,scan,macro_auc,1,0.6253904623073719,0.0,0.6253904623073719,0.6253904623073719,True,0.6251324354917931,0.5940940158485801,0.6574666850289522,2000,1959,1960
XSB_fix_PH,pointnet,softmax,scan,accuracy,1,0.6637755102040817,0.0,0.6637755102040817,0.6637755102040817,True,0.6637841677113632,0.6428535022571721,0.6850433894844309,2000,1959,1960
XSB_fix_PH,pointnet,softmax,scan,macro_f1,1,0.5930703116557675,0.0,0.5930703116557675,0.5930703116557675,True,0.5931190236712346,0.5705076969046293,0.6164520803788657,2000,1959,1960
XSB_fix_PH,pointnet,softmax,scan,macro_auc,1,0.6992984693877551,0.0,0.6992984693877551,0.6992984693877551,True,0.6992295888255403,0.6706445181649923,0.7274779838768441,2000,1959,1960
XSB_fix_PH,dgcnn,softmax,scan,accuracy,1,0.8229591836734694,0.0,0.8229591836734694,0.8229591836734694,True,0.8224844148839374,0.8046889927567151,0.8392877631674801,2000,1959,1960
XSB_fix_PH,dgcnn,softmax,scan,macro_f1,1,0.7012561281103962,0.0,0.7012561281103962,0.7012561281103962,True,0.7003654604970004,0.6734145807969182,0.7259246906087011,2000,1959,1960
XSB_fix_PH,dgcnn,softmax,scan,macro_auc,1,0.810939777696793,0.0,0.810939777696793,0.810939777696793,True,0.8107637143482902,0.7870424247127553,0.8338768067705611,2000,1959,1960
XSB_fix_PH,pointnet2,softmax,scan,accuracy,5,0.7433673469387755,0.0044624631848305864,0.7387755102040816,0.75,False,0.7431689812204686,0.7261852204894208,0.7598805513016845,2000,1959,1960
XSB_fix_PH,pointnet2,softmax,scan,macro_f1,5,0.654217632195141,0.007902497510482085,0.6483274950202624,0.6662120700273453,False,0.6540613673002585,0.6325485061974998,0.6746770554475074,2000,1959,1960
XSB_fix_PH,pointnet2,softmax,scan,macro_auc,5,0.7533257627030404,0.004236317569072063,0.7459432593190338,0.7563653490733029,False,0.7533332841478514,0.7273274953465222,0.7790052602241515,2000,1959,1960
XSB_fix_FC,geommlp,softmax,scan,accuracy,1,0.675933280381255,0.0,0.675933280381255,0.675933280381255,True,0.6758808578236697,0.6497220015885623,0.7013502779984114,2000,1259,1259
XSB_fix_FC,geommlp,softmax,scan,macro_f1,1,0.498406374501992,0.0,0.498406374501992,0.498406374501992,True,0.49818874970104243,0.4708566686065155,0.5265264772142709,2000,1259,1259
XSB_fix_FC,geommlp,softmax,scan,macro_auc,1,0.6425339366515838,0.0,0.6425339366515838,0.6425339366515838,True,0.6431638263414002,0.5869574374707155,0.6954067850680954,2000,1259,1259
XSB_fix_FC,pointnet,softmax,scan,accuracy,1,0.7434471803018269,0.0,0.7434471803018269,0.7434471803018269,True,0.7432867355043685,0.7188244638602065,0.7665011914217632,2000,1259,1259
XSB_fix_FC,pointnet,softmax,scan,macro_f1,1,0.5479062186977833,0.0,0.5479062186977833,0.5479062186977833,True,0.5475484001138574,0.516512646217835,0.5777398992672594,2000,1259,1259
XSB_fix_FC,pointnet,softmax,scan,macro_auc,1,0.6743521955022286,0.0,0.6743521955022286,0.6743521955022286,True,0.6745203512635806,0.6099182288161553,0.7334282739086845,2000,1259,1259
XSB_fix_FC,dgcnn,softmax,scan,accuracy,1,0.8395552025416998,0.0,0.8395552025416998,0.8395552025416998,True,0.8392374900714854,0.8189038919777601,0.8594122319301033,2000,1259,1259
XSB_fix_FC,dgcnn,softmax,scan,macro_f1,1,0.6345123535566056,0.0,0.6345123535566056,0.6345123535566056,True,0.6339057139580989,0.5990474027200617,0.6711835977744088,2000,1259,1259
XSB_fix_FC,dgcnn,softmax,scan,macro_auc,1,0.8216991204433373,0.0,0.8216991204433373,0.8216991204433373,True,0.8216161992903775,0.7786530979459791,0.8606063468329137,2000,1259,1259
XSB_fix_FC,pointnet2,softmax,scan,accuracy,5,0.719936457505957,0.0019128823794745725,0.7172359015091342,0.7220015885623511,False,0.7197494837172359,0.6973749007148531,0.7412231930103257,2000,1259,1259
XSB_fix_FC,pointnet2,softmax,scan,macro_f1,5,0.5352417623656028,0.005690611572483149,0.5265517387079055,0.5410971386914525,False,0.5349431052935167,0.5078296976172019,0.5632748628945955,2000,1259,1259
XSB_fix_FC,pointnet2,softmax,scan,macro_auc,5,0.6915264290677378,0.008232167705244429,0.6830121849950006,0.7036199095022625,False,0.6920699161130567,0.6380832244097762,0.740181469397918,2000,1259,1259
XSB_fix_PR,geommlp,softmax,scan,accuracy,1,0.6774193548387096,0.0,0.6774193548387096,0.6774193548387096,True,0.678213921901528,0.6400679117147708,0.7164685908319185,2000,589,589
XSB_fix_PR,geommlp,softmax,scan,macro_f1,1,0.5907927453561503,0.0,0.5907927453561503,0.5907927453561503,True,0.591464097870316,0.5508406948172393,0.6348202596347045,2000,589,589
XSB_fix_PR,geommlp,softmax,scan,macro_auc,1,0.6475382512750425,0.0,0.6475382512750425,0.6475382512750425,True,0.6486721760844009,0.596122133482832,0.7027129790439876,2000,589,589
XSB_fix_PR,pointnet,softmax,scan,accuracy,1,0.634974533106961,0.0,0.634974533106961,0.634974533106961,True,0.6352088285229202,0.5959252971137521,0.6740237691001698,2000,589,589
XSB_fix_PR,pointnet,softmax,scan,macro_f1,1,0.5264157787858503,0.0,0.5264157787858503,0.5264157787858503,True,0.5266301054702074,0.4856121255787862,0.569679143814387,2000,589,589
XSB_fix_PR,pointnet,softmax,scan,macro_auc,1,0.558968632287743,0.0,0.558968632287743,0.558968632287743,True,0.5599560507165324,0.4998958233813005,0.6158414168183773,2000,589,589
XSB_fix_PR,dgcnn,softmax,scan,accuracy,1,0.8505942275042445,0.0,0.8505942275042445,0.8505942275042445,True,0.8504753820033957,0.8217317487266553,0.8777589134125636,2000,589,589
XSB_fix_PR,dgcnn,softmax,scan,macro_f1,1,0.7874692471707397,0.0,0.7874692471707397,0.7874692471707397,True,0.7869143186432613,0.7461371031773253,0.8243146493287749,2000,589,589
XSB_fix_PR,dgcnn,softmax,scan,macro_auc,1,0.8786626220874029,0.0,0.8786626220874029,0.8786626220874029,True,0.8791716598124114,0.846472687156991,0.9092738211549275,2000,589,589
XSB_fix_PR,pointnet2,softmax,scan,accuracy,5,0.8190152801358235,0.008369275072235121,0.8098471986417657,0.830220713073005,False,0.8189950764006791,0.7921901528013582,0.8458404074702885,2000,589,589
XSB_fix_PR,pointnet2,softmax,scan,macro_f1,5,0.7569644833841098,0.0073289783245216854,0.749552012148823,0.765749284123449,False,0.7566022179135042,0.7204246957366609,0.7919014785870981,2000,589,589
XSB_fix_PR,pointnet2,softmax,scan,macro_auc,5,0.8696323210773693,0.005602411007688169,0.8630454348478283,0.8747624920830694,False,0.8697260900348794,0.8371096826313273,0.9005639684230917,2000,589,589
XSB_fix_GW,geommlp,softmax,scan,accuracy,1,0.5725806451612904,0.0,0.5725806451612904,0.5725806451612904,True,0.5724576612903226,0.5362567204301075,0.6075268817204301,2000,744,744
XSB_fix_GW,geommlp,softmax,scan,macro_f1,1,0.4882638450291133,0.0,0.4882638450291133,0.4882638450291133,True,0.4880268656752941,0.45320136920083076,0.5234061152052628,2000,744,744
XSB_fix_GW,geommlp,softmax,scan,macro_auc,1,0.5635761589403974,0.0,0.5635761589403974,0.5635761589403974,True,0.5639878748651884,0.5169182371370266,0.609005057037104,2000,744,744
XSB_fix_GW,pointnet,softmax,scan,accuracy,1,0.6545698924731183,0.0,0.6545698924731183,0.6545698924731183,True,0.6545248655913979,0.6209677419354839,0.6908602150537635,2000,744,744
XSB_fix_GW,pointnet,softmax,scan,macro_f1,1,0.5814323084837407,0.0,0.5814323084837407,0.5814323084837407,True,0.5807980474843468,0.5441113274290427,0.6192409909985052,2000,744,744
XSB_fix_GW,pointnet,softmax,scan,macro_auc,1,0.6788789025543992,0.0,0.6788789025543992,0.6788789025543992,True,0.6785029255588992,0.6319403233377676,0.7251482559646795,2000,744,744
XSB_fix_GW,dgcnn,softmax,scan,accuracy,1,0.7432795698924731,0.0,0.7432795698924731,0.7432795698924731,True,0.7435913978494623,0.7137096774193549,0.7741935483870968,2000,744,744
XSB_fix_GW,dgcnn,softmax,scan,macro_f1,1,0.6289393080865975,0.0,0.6289393080865975,0.6289393080865975,True,0.6285561773676069,0.5888788187169779,0.6678026118215004,2000,744,744
XSB_fix_GW,dgcnn,softmax,scan,macro_auc,1,0.744228949858089,0.0,0.744228949858089,0.744228949858089,True,0.7441048860174435,0.7037013938492799,0.7849746444997504,2000,744,744
XSB_fix_GW,pointnet2,softmax,scan,accuracy,5,0.6954301075268818,0.009626884182510778,0.6801075268817204,0.7029569892473119,False,0.6954340053763441,0.6663978494623656,0.7228494623655914,2000,744,744
XSB_fix_GW,pointnet2,softmax,scan,macro_f1,5,0.618512690135459,0.013444992400885437,0.5969150360124929,0.6318373872330707,False,0.6179024424879006,0.5866935024488903,0.6486897647054954,2000,744,744
XSB_fix_GW,pointnet2,softmax,scan,macro_auc,5,0.7443424787133397,0.01052456800962603,0.7278027436140019,0.7536187322611164,False,0.7439721462153038,0.7000042277902596,0.7824727858866808,2000,744,744
XSB_fix_PT,geommlp,softmax,scan,accuracy,1,0.6997885835095138,0.0,0.6997885835095138,0.6997885835095138,True,0.6996331923890063,0.6575052854122622,0.7378435517970402,2000,473,473
XSB_fix_PT,geommlp,softmax,scan,macro_f1,1,0.6099535423925668,0.0,0.6099535423925668,0.6099535423925668,True,0.6094121936264523,0.5632756826674636,0.653847969782814,2000,473,473
XSB_fix_PT,geommlp,softmax,scan,macro_auc,1,0.6403440899367348,0.0,0.6403440899367348,0.6403440899367348,True,0.6402321361749652,0.5828527146085798,0.6972021230767974,2000,473,473
XSB_fix_PT,pointnet,softmax,scan,accuracy,1,0.7019027484143763,0.0,0.7019027484143763,0.7019027484143763,True,0.7015803382663849,0.6617336152219874,0.7420718816067653,2000,473,473
XSB_fix_PT,pointnet,softmax,scan,macro_f1,1,0.64874942724874,0.0,0.64874942724874,0.64874942724874,True,0.6478525344939351,0.6008870374760206,0.6932698087695947,2000,473,473
XSB_fix_PT,pointnet,softmax,scan,macro_auc,1,0.7501706795321105,0.0,0.7501706795321105,0.7501706795321105,True,0.7500096555293333,0.7010677758571017,0.7947174351338755,2000,473,473
XSB_fix_PT,dgcnn,softmax,scan,accuracy,1,0.7716701902748414,0.0,0.7716701902748414,0.7716701902748414,True,0.7724122621564482,0.733615221987315,0.8097780126849891,2000,473,473
XSB_fix_PT,dgcnn,softmax,scan,macro_f1,1,0.7304331306990881,0.0,0.7304331306990881,0.7304331306990881,True,0.7309452909260958,0.6865766942161399,0.7746199200420576,2000,473,473
XSB_fix_PT,dgcnn,softmax,scan,macro_auc,1,0.8234946065267853,0.0,0.8234946065267853,0.8234946065267853,True,0.8246226142666955,0.7786703660109286,0.8674780965866398,2000,473,473
XSB_fix_PT,pointnet2,softmax,scan,accuracy,5,0.758139534883721,0.009525480191178708,0.7420718816067653,0.7653276955602537,False,0.757916490486258,0.7251585623678647,0.7885835095137421,2000,473,473
XSB_fix_PT,pointnet2,softmax,scan,macro_f1,5,0.7219431313852676,0.009508414236503263,0.7063367666815943,0.7313045242442686,False,0.7212852941723452,0.684158126962646,0.7563288294319205,2000,473,473
XSB_fix_PT,pointnet2,softmax,scan,macro_auc,5,0.815465841336307,0.011177879454803728,0.8008511219334578,0.8268626826270994,False,0.81556999215833,0.773474077914208,0.8546444994995077,2000,473,473
XSB_fix_LC,geommlp,softmax,scan,accuracy,1,0.7,0.0,0.7,0.7,True,0.6999791666666666,0.6166666666666667,0.7833333333333333,2000,120,120
XSB_fix_LC,geommlp,softmax,scan,macro_f1,1,0.48051948051948057,0.0,0.48051948051948057,0.48051948051948057,True,0.47739502491946645,0.40298507462686567,0.568632672080948,2000,120,120
XSB_fix_LC,geommlp,softmax,scan,macro_auc,1,0.4366386554621849,0.0,0.4366386554621849,0.4366386554621849,True,0.4354519366240206,0.31600328012422924,0.5512969076308571,2000,120,120
XSB_fix_LC,pointnet,softmax,scan,accuracy,1,0.6416666666666667,0.0,0.6416666666666667,0.6416666666666667,True,0.6416208333333333,0.55,0.725,2000,120,120
XSB_fix_LC,pointnet,softmax,scan,macro_f1,1,0.46467475879240583,0.0,0.46467475879240583,0.46467475879240583,True,0.46188796293513523,0.38613111026904134,0.5487179487179488,2000,120,120
XSB_fix_LC,pointnet,softmax,scan,macro_auc,1,0.4830252100840336,0.0,0.4830252100840336,0.4830252100840336,True,0.4821567908751232,0.36973630631960946,0.5948176425715488,2000,120,120
XSB_fix_LC,dgcnn,softmax,scan,accuracy,1,0.6916666666666667,0.0,0.6916666666666667,0.6916666666666667,True,0.6921624999999999,0.6083333333333333,0.775,2000,120,120
XSB_fix_LC,dgcnn,softmax,scan,macro_f1,1,0.601829432337907,0.0,0.601829432337907,0.601829432337907,True,0.599117463910438,0.5053206787460454,0.6972049689440993,2000,120,120
XSB_fix_LC,dgcnn,softmax,scan,macro_auc,1,0.6618487394957984,0.0,0.6618487394957984,0.6618487394957984,True,0.6626360029200197,0.5548790586985032,0.7642476360590196,2000,120,120
XSB_fix_LC,pointnet2,softmax,scan,accuracy,5,0.7083333333333334,0.016666666666666663,0.6833333333333333,0.725,False,0.7088108333333334,0.6283333333333334,0.7816666666666666,2000,120,120
XSB_fix_LC,pointnet2,softmax,scan,macro_f1,5,0.5427545546558704,0.021646184108171866,0.5052083333333334,0.5572916666666666,False,0.5404927708894217,0.46429675992864217,0.6233085898753367,2000,120,120
XSB_fix_LC,pointnet2,softmax,scan,macro_auc,5,0.6215126050420168,0.024467494494617714,0.5831932773109244,0.6447058823529411,False,0.6211446862470729,0.5137482221084373,0.7212883734042125,2000,120,120
